X,Y,id,vertex_index,vertex_part,vertex_part_index,distance,angle
-282541.4169,-901028.6338,,7,0,7,258125.8909,346.8274466
-275813.1381,-929776.7344,,6,0,6,228600.935,352.4899182
-275201.4763,-948738.2475,,5,0,5,209629.5589,354.3450338
-270308.1826,-978098.0098,,4,0,4,179864.8153,340.5652444
-251346.6695,-1011739.404,,3,0,3,141247.6897,325.8981294
-226268.5392,-1042934.151,,2,0,2,101222.3866,320.0608484
-184675.5427,-1090643.765,,1,0,1,37927.95871,320.5621529
-161432.3975,-1120615.189,,0,0,0,0,322.206057